INSERT INTO public.teacher(teacher_id, firstname, lastname, phone, mail) VALUES 
	('GV001', 'Nguyễn Trọng', 'Kha', '0941251370', 'nguyentrongkha@gmail.com'),
	('GV002','Ngô Thị Thu','An','0944929638','ngothithuan@gmail.com'),
	('GV003','Vũ Thị Kim','Khuê','0903569789','vuthikimkhue@gmail.com'),
	('GV004','Nguyễn Thị Minh','Hiếu','0907856599','nguyenthiminhhieu@gmail.com'),
	('GV005','Trần Thị Bích','Lựu','0968055251','tranthibichluu@gmail.com'),
	('GV006','Nguyễn Thị Thanh','Phượng','0912227896','nguyenthithanhphuong@gmail.com'),
	('GV007','Đỗ Thị Nhất','Tâm','0392328317','dothinhattam@gmail.com'),
	('GV008','Lê Thị Ngọc','Thủy','0905290204','lethingocthuy@gmail.com'),
	('GV009','Hoàng Công','Huy','0989712624','hoangconghuy@gmail.com'),
	('GV010','Nguyễn Thị Thùy','Dương','0912739924','nguyenthithuyduong');
INSERT INTO public.student(student_id, firstname, lastname, phone, street, dateofbirth, mail)  VALUES
	('HV001', 'Nguyễn Công', 'Việt', '0363328458', 'Hải Dương', '10/05/2000', 'nguyencongviet@gmail.com'),
	('HV002','Nguyễn Trung','Đức','0523746337','Hải Dương','07/04/2000','nguyentrungduc@gmail.com'),
	('HV003','Cao Hưng','Thịnh','0383529937','Hải Dương','01/01/2000','caohungthinh@gmail.com'),
	('HV004','Nguyễn Viết','Trường','0949356762','Hà Nội','27/3/2000','nguyenviettruong@gmail.com'),
	('HV005','Nguyễn Cảnh','Nam','037124325','Nghệ An','23/4/2000','nguyencanhnam@gmail.com'),
	('HV006','Nguyễn Thị','Ngân','0956438445','Hà Nội','10/09/1999','nguyenthingan@gmail.com'),
	('HV007','Hoàng Thị','Hà','037435221','Hà Nội','29/7/2001','hoangthiha@gmail.com'),
	('HV008','Lê Minh','An','0985342788','Thanh Hóa','01/06/2000','leminhan@gmail.com'),
	('HV009','Nguyễn Thị','Đào','0988722347','Hà Nam','29/10/1997','nguyenthidao@gmail.com'),
	('HV010','Nguyễn Xuân','Nhất','0954873224','Nam Định','15/05/1998','nguyenxuannhat@gmail.com'),
	('HV011','Đoàn Quang','Anh','0948764556','Hải Phòng','19/04/2001','doangquanganh@gmail.com'),
	('HV012','Nguyễn Văn','Hà','0986546773','Thái Bình','10/06/2000','nguyenvanha@gmail.com'),
	('HV013','Nguyễn Thị Quỳnh','Trang','0384468456','Hải Dương','14/10/2001','nguyenthiquynhtrang@gmail.com'),
	('HV014','Lê Thế','Tài','0987566225','Nghệ An','22/12/1999','lethetai@gmail.com'),
	('HV015','Nguyễn Gia','Thanh','0957322453','Hải Phòng','11/11/2000','nguyengiathanh@gmail.com'),
	('HV016','Nguyễn Thị Phương','Anh','0967442153','Hưng Yên','12/8/1998','nguyethiphuonganh@gmail.com'),
	('HV017','Đoàn Xuân','Hưng','0335546698','Hưng Yên','05/02/2000','doanxuanhung@gmail.com'),
	('HV018','Nguyễn Thị','Nga','0354437768','Hà Nội','07/08/2001','nguyenthinga@gmail.com'),
	('HV019','Phạm Văn','Thái','0966784352','Hải Dương','04/07/2000','phamvanthai@gmail.com'),
	('HV020','Vũ Đình','Đức','0945218937','Hà Nam','07/05/2001','vudinhduc@gmail.com'),
	('HV021','Nguyễn Thị','Hạnh','0982345675','Hà Nội','09/12/1998','nguyenthihanh@gmail.com'),
	('HV022','Lê Trung','Hiếu','038764553','Quảng Ninh','28/5/1999','letrunghieu@gmail.com'),
	('HV023','Vũ Minh','Long','0354336778','Hải Dương','27/7/2001','vuminhlong@gmail.com'),
	('HV024','Đàm Minh','Hằng','0987546889','Hà Nội','3/3/1998','damminhhang@gmail.com'),
	('HV025','Nguyễn Tuấn','Việt','0977654554','Hà Nội','7/1/2001','nguyentuanviet@gmail.com'),
	('HV026','Nguyễn Thị','Minh','0972134526','Thái Bình','9/6/1999','nguyenthiminh@gmail.com'),
	('HV027','Nguyễn Hoàng','Long','0986574225','Hải Phòng','25/12/1998','nguyenhoanglong@gmail.com'),
	('HV028','Hoàng Thị','Oanh','0363774657','Hà Nam','12/4/1998','hoangthioanh@gmail.com'),
	('HV029','Nguyễn Thị','Thanh','0988678544','Hải Phòng','12/3/2000','nguyenthithanh@gmail.com'),
	('HV030','Nguyễn Đức','Hieu','0378455576','Quảng Ninh','12/5/1999','nguyenduchieu@gmail.com'),
	('HV031','Nguyễn Thị Lan','Anh','0987987675','Hà Nội','27/5/2000','nguyenthilananh@gmail.com'),
	('HV032','Nguyễn Thị','Thư','0879685433','Hưng Yên','29/9/1999','nguyenthithu@gmail.com'),
	('HV033','Nguyễn Thị Thu','Hoài','0385677853','Hà Nội','27/12/2001','nguyenthithuhoai@gmail.com'),
	('HV034','Trịnh Minh','Hà','0543756645','Hải Phòng','21/1/2001','trinhminhha@gmail.com'),
	('HV035','Nguyễn Thị','Hà','0988576344','Vĩnh Phúc','23/4/1998','nguyenthiha@gmail.com'),
	('HV036','Trịnh Thị','Huệ','0981232443','Phú Thọ','4/2/2001','trinthihue@gmail.com'),
	('HV037','Nguyễn Thị','Hồng','0956776453','Thái Bình','22/7/2000','nguyenthihong@gmail.com'),
	('HV038','Nguyễn Công','Minh','0359887656','Nam Định','22/1/2001','nguyencongminh@gmail.com'),
	('HV039','Nguyễn Minh','Phúc','0375664544','Nam Định','24/8/2001','nguyenminhphuc@gmail.com'),
	('HV040','Nguyễn Hồng','Hạnh','0385554546','Hà Nội','13/9/2001','nguyenhonghanh@gmail.com'),
	('HV041','Hà Văn','Lợi','0584566785','Quảng Ninh','12/2/2000','havanloi@gmail.com'),
	('HV042','Nguyễn Thị','Nhung','0456766755','Thái Bình','22/4/1997','nguyenthinhung@gmail.com'),
	('HV043','Nguyễn Công','Vinh','0967885543','Hà Nội','21/7/2000','nguyencongvinh@gmail.com'),
	('HV044','Hà Văn','Thái','0986567435','Hà Nam','23/3/1999','havanthai@gmail.com'),
	('HV045','Trịnh Văn','Nam','0986785433','Hà Nam','21/7/2001','trinhvannam@gmail.com'),
	('HV046','Nguyễn Hoàng','Đức','0966545334','Hà Nội','21/9/2000','nguyenhoangduc@gmail.com'),
	('HV047','Nguyễn Hải','Nam','0932435445','Hải Phòng','21/4/2001','nguyenhainam@gmail.com'),
	('HV048','Nguyễn Thành','Vinh','0354656789','Hưng Yên','23/5/2000','nguyenthanhvinh@gmail.com'),
	('HV049','Nguyễn Phúc','Nguyên','0554643456','Hà Nội','29/9/2001','nguyenphucnguyen@gmail.com'),
	('HV050','Nguyễn Hoàng','Hải','0954335675','Hà Nội','22/4/2000','nguyenhoanghai@gmail.com'),
	('HV051','Nguyễn Hải','Huy','0987886985','Thái Bình','22/11/2001','nguyenhaihuy@gmail.com'),
	('HV052','Nguyễn Hồng','Ngọc','0933456786','Nam Định','21/12/2000','nguyenhongngoc@gmail.com'),
	('HV053','Nguyễn Thị','Phương','035445675','Hà Nội','26/12/1999','nguyenthiphuong@gmail.com'),
	('HV054','Nguyễn Thị Cẩm','Hường','0564678974','Hải Phòng','29/4/2001','nguyenthicamhuong@gmail.com'),
	('HV055','Đặng Thị','Nhài','0567865543','Hải Dương','2/9/2000','dangthinhai@gmail.com'),
	('HV056','Đặng Thị Kiều','Trinh','0928675453','Nghệ An','2/2/1998','dangthikieutrinh@gmail.com'),
	('HV057','Nguyễn Thị','Huyền','0903325456','Thanh Hóa','3/2/1999','nguyenthihuyen@gmail.com'),
	('HV058','Nguyễn Trang','Nhung','0905519564','Hà Nội','3/3/1998','nguyentrangnhung@gmail.com'),
	('HV059','Nguyễn Hoài','Phương','0907678567','Quảng Ninh','3/9/2000','nguyenhoaiphuong@gmail.com'),
	('HV060','Nguyễn Thị Kim','Anh','0997143576','Hải Dương','4/7/2001','nguyenthikimanh@gmail.com'),
	('HV061','Nguyễn Hải','An','0996987874','Hà Nội','7/7/2000','nguyenhaian@gmail.com'),
	('HV062','Nguyễn Long','Nhật','0906561113','Nam Định','7/2/1998','nguyenlongnhat@gmail.com'),
	('HV063','Đàm Minh','Chung','0946334512','Hà Nội','19/3/2001','damminhchung@gmail.com'),
	('HV064','Phạm Thành','Long','0369093122','Hải Phòng','20/10/2000','phamthanhlong@gmail.com'),
	('HV065','Phạm Thị','Tuyết','045988167','Hải Dương','21/10/1999','phamthituyet@gmail.com'),
	('HV066','Phan Kim','Hằng','0944565816','Hà Nội','29/6/1998','phankimhang@gmail.com'),
	('HV067','Huỳnh Quang','Thanh','0918768452','Nam Định','28/5/1999','huynhquanthanh@gmail.com'),
	('HV068','Hà Thu','Trang','0389998135','Thanh Hóa','18/2/2000','hathutrang@gmail.com'),
	('HV069','Nguyễn Hồng','Phong','0345236684','Nghệ An','19/5/2001','nguyenhongphong@gmail.com'),
	('HV070','Nguyễn Thanh','Tùng','0967554132','Hải Dương','3/3/2000','nguyenthanhtung@gmail.com'),
	('HV071','Phạm Thị','Hiền','0899713021','Nghệ An','3/9/2000','phamthihien@gmail.com'),
	('HV072','Nguyễn Thu','Trang','0908917311','Thanh Hóa','3/7/1999','nguyenthutrang@gmail.com'),
	('HV073','Nguyễn Khánh','Hòa','0907113868','Quảng Ninh','4/7/2001','nguyenkhanhhoa@gmail.com'),
	('HV074','Nguyễn Minh','Đạt','0908317685','Thái Bình','5/8/2000','nguyenminhdat@gmail.com'),
	('HV075','Nguyễn Tiên','Đạt','0906896754','Hà Nội','6/9/1999','nguyentiendat@gmail.com'),
	('HV076','Đặng Văn','Đạt','0988115687','Hải Phòng','7/10/2000','dangvandat@gmail.com'),
	('HV077','Đặng Văn','Thành','0987567662','Hải Phòng','7/10/2000','dangvanthanh@gmail.com'),
	('HV078','Đặng Văn','Linh','0906554311','Hà Nội','8/11/2001','dangvanlinh@gmail.com'),
	('HV079','Kiều Tuấn','Anh','0988676522','Quảng Ninh','9/12/1997','kieutuananh@gmail.com'),
	('HV080','Hứa Minh','Đạt','0934544585','Quảng Ninh','10/1/1998','huaminhdat@gmail.com'),
	('HV081','Nguyễn Tuấn','Hoàng','0354447688','Hà Nội','12/11/2001','nguyentuanhoang@gmail.com');
INSERT INTO public.schedule(schedule_id, hours, weekday) VALUES 
	('S001','17h30 - 19h', 'thứ 2'),
	('S002','19h30 - 21h','thứ 2'),
	('S003','17h30 - 19h','thứ 3'),
	('S004','19h30 - 21h','thứ 3'),
	('S005','17h30 - 19h','thứ 4'),
	('S006','19h30 - 21h','thứ 4'),
	('S007','17h30 - 19h','thứ 5'),
	('S008','19h30 - 21h','thứ 5'),
	('S009','17h30 - 19h','thứ 6'),
	('S010','19h30 - 21h','thứ 6'),
	('S011','17h30 - 19h','thứ 7'),
	('S012','19h30 - 21h','thứ 7'),
	('S013','15h - 16h30','thứ 2'),
	('S014','15h - 16h30','thứ 3'),
	('S015','15h - 16h30','thứ 4'),
	('S016','15h - 16h30','thứ 5'),
	('S017','15h - 16h30','thứ 6'),
	('S018','15h - 16h30','thứ 7');
INSERT INTO public."Level"(level_id, name) VALUES 
	('LV1', 'Benginner'),
	('LV2','Low Intermediate'),
	('LV3','Intermediate'),
	('LV4','Advanced');
INSERT INTO public.category(category_id, name) VALUES 
	('1', 'TOELF'),
	('2','IELTS'),
	('3','TOEIC');
INSERT INTO public.course(course_id, category_id, level_id, term, description, numofsessions) VALUES 
	('CO01', '3', 'LV1', '3 tháng', 'toeic 300-400', '24'),
	('CO02', '3', 'LV2', '3.5 tháng', 'toeic 400-550', '28'),
	('CO03', '3', 'LV3', '3.5 tháng', 'toeic 550-650', '28'),
	('CO04', '3', 'LV4', '3.5 tháng', 'toeic 650+', '28'),
	('CO05', '2', 'LV1', '3 tháng', 'ielts 2.5-3.5', '24'),
	('CO06', '2', 'LV2', '3.5 tháng', 'ielts 3.5-4.5', '28'),
	('CO07', '2', 'LV3', '3.5 tháng', 'ielts 4.5-6.0', '28'),
	('CO08', '2', 'LV4', '3.5 tháng', 'ielts 6.5+', '28'),
	('CO09', '1', 'LV1', '3.5 tháng', 'topefl 25-40', '24'),
	('CO10', '1', 'LV2', '3.5 tháng', 'ielts 45-60', '28'),
	('CO11', '1', 'LV3', '3.5 tháng', 'ielts 60-79', '28'),
	('CO12', '1', 'LV4', '3.5 tháng', 'ielts 80+', '28');
INSERT INTO public.class(class_id, course_id, teacher_id, start_date, end_date , price) VALUES 
	('C120', 'CO01', 'GV001', '4/1/2020', '4/4/2020','4.000.000'),
	('C121', 'CO02', 'GV002', '4/2/2020', '19/5/2020','4.500.000'),
	('C122', 'CO03', 'GV003', '4/1/2020', '19/4/2020','4.500.000'),
	('C123', 'CO05', 'GV001', '4/2/2020', '19/5/2020','4.000.000'),
	('C124', 'CO05', 'GV002', '4/1/2020', '4/4/2020','4.000.000'),
	('C125', 'CO06', 'GV001', '4/3/2020', '19/6/2020','4.500.000'),
	('C126', 'CO07', 'GV004', '4/1/2020', '19/4/2020','4.500.000'),
	('C127', 'CO09', 'GV005', '4/3/2020', '4/6/2020','4.000.000');
INSERT INTO public.class_student(class_id, student_id , CS_id) VALUES 
	('C120', 'HV001','CS081'),
	('C120', 'HV002','CS001'),
	('C121', 'HV003','CS002'),
	('C122', 'HV004','CS003'),
	('C123', 'HV005','CS004'),
	('C124', 'HV006','CS005'),
	('C125', 'HV007','CS006'),
	('C126', 'HV008','CS007'),
	('C127', 'HV009','CS008'),
	('C127', 'HV010','CS009'),
    ('C126', 'HV011','CS010'),
	('C125', 'HV012','CS011'),
	('C124', 'HV013','CS012'),
	('C123', 'HV014','CS013'),
	('C122', 'HV015','CS014'),
	('C121', 'HV016','CS015'),
	('C120', 'HV017','CS016'),
	('C120', 'HV018','CS017'),
	('C120', 'HV019','CS018'),
	('C121', 'HV020','CS019'),
	('C121', 'HV021','CS020'),
	('C122', 'HV022','CS021'),
	('C122', 'HV023','CS022'),
	('C123', 'HV024','CS023'),
	('C123', 'HV025','CS024'),
	('C124', 'HV026','CS025'),
    ('C124', 'HV027','CS026'),
	('C125', 'HV028','CS027'),
	('C125', 'HV029','CS028'),
	('C126', 'HV030','CS029'),
	('C126', 'HV031','CS030'),
	('C127', 'HV032','CS031'),
	('C127', 'HV033','CS032'),
	('C120', 'HV034','CS033'),
	('C122', 'HV035','CS034'),
	('C124', 'HV036','CS035'),
	('C126', 'HV037','CS036'),
	('C121', 'HV038','CS037'),
	('C123', 'HV039','CS038'),
	('C125', 'HV040','CS039'),
	('C127', 'HV041','CS040'),
	('C120', 'HV042','CS041'),
    ('C120', 'HV043','CS042'),
	('C120', 'HV044','CS043'),
	('C121', 'HV045','CS044'),
	('C121', 'HV046','CS045'),
	('C121', 'HV047','CS046'),
	('C122', 'HV048','CS047'),
	('C122', 'HV049','CS048'),
	('C122', 'HV050','CS049'),
	('C123', 'HV051','CS050'),
	('C123', 'HV052','CS051'),
	('C123', 'HV053','CS052'),
	('C124', 'HV054','CS053'),
	('C124', 'HV055','CS054'),
	('C124', 'HV056','CS055'),
	('C125', 'HV057','CS056'),
	('C125', 'HV058','CS057'),
    ('C125', 'HV059','CS058'),
	('C126', 'HV060','CS059'),
	('C126', 'HV061','CS060'),
	('C126', 'HV062','CS061'),
	('C127', 'HV063','CS062'),
	('C127', 'HV064','CS063'),
	('C127', 'HV065','CS064'),
	('C120', 'HV066','CS065'),
	('C121', 'HV067','CS066'),
	('C122', 'HV068','CS067'),
	('C123', 'HV069','CS068'),
	('C124', 'HV070','CS069'),
	('C125', 'HV071','CS070'),
	('C126', 'HV072','CS071'),
	('C127', 'HV073','CS072'),
	('C127', 'HV074','CS073'),
    ('C126', 'HV075','CS074'),
	('C125', 'HV076','CS075'),
	('C124', 'HV077','CS076'),
	('C123', 'HV078','CS077'),
	('C122', 'HV079','CS078'),
	('C121', 'HV080','CS079'),
	('C120', 'HV081','CS080');
INSERT INTO public.classtime(class_id, schedule_id) VALUES 
	('C120', 'S001'),
	('C120', 'S007'),
	('C121', 'S002'),
	('C121', 'S008'),
	('C122', 'S003'),
	('C122', 'S009'),
	('C123', 'S004'),
	('C123', 'S010'),
	('C124', 'S005'),
	('C124', 'S011'),
	('C125', 'S006'),
	('C125', 'S012'),
	('C126', 'S013'),
	('C126', 'S016'),
	('C127', 'S014'),
	('C127', 'S017');
INSERT INTO public.payment(CS_id, date, status) VALUES  
	( 'CS001', '4/1/2020', 'đã nộp'), 
	( 'CS002', '9/1/2020', 'đã nộp'), 
	( 'CS003', '10/1/2020', 'đã nộp'), 
	( 'CS004', '4/2/2020', 'đã nộp'), 
	( 'CS005', '4/2/2020', 'đã nộp'), 
	( 'CS006', '5/2/2020', 'đã nộp'), 
	( 'CS007', '4/1/2020', 'đã nộp'), 
	( 'CS008', '5/1/2020', 'đã nộp'), 
	( 'CS009', '4/1/2020', 'đã nộp'), 
	( 'CS010', '6/2/2020', 'đã nộp'), 
	( 'CS011', '10/1/2020', 'đã nộp'), 
	( 'CS012', '4/1/2020', 'đã nộp'), 
	( 'CS013', '3/3/2020', 'đã nộp'), 
	( 'CS014', '4/1/2020', 'đã nộp'), 
	( 'CS015', '7/1/2020', 'đã nộp'), 
	( 'CS016', '4/2/2020', 'đã nộp'), 
	( 'CS017', '8/2/2020', 'đã nộp'), 
	( 'CS018', '9/2/2020', 'đã nộp'), 
	( 'CS019', '4/1/2020', 'đã nộp'), 
	( 'CS020', '12/1/2020', 'đã nộp'), 
	( 'CS021', '12/1/2020', 'đã nộp'), 
	( 'CS022', '4/1/2020', 'đã nộp'), 
	( 'CS023', '4/2/2020', 'đã nộp'), 
	( 'CS024', '9/2/2020', 'đã nộp'), 
	( 'CS025', '4/2/2020', 'đã nộp'), 
	( 'CS026', '4/1/2020', 'đã nộp'), 
	( 'CS027', '4/1/2020', 'đã nộp'), 
	('CS028', '10/1/2020', 'đã nộp'), 
	( 'CS029', '11/1/2020', 'đã nộp'), 
	( 'CS030', '4/1/2020', 'đã nộp'), 
	( 'CS031', '4/1/2020', 'đã nộp'), 
	( 'CS032', '4/1/2020', 'đã nộp'), 
	( 'CS033', '4/2/2020', 'đã nộp'), 
	( 'CS034', '5/2/2020', 'đã nộp'), 
	( 'CS035', '5/2/2020', 'đã nộp'), 
	( 'CS036', '4/2/2020', 'đã nộp'), 
	( 'CS037', '4/2/2020', 'đã nộp'), 
	( 'CS038', '7/1/2020', 'đã nộp'), 
	( 'CS039', '4/1/2020', 'đã nộp'), 
	( 'CS040', '12/1/2020', 'đã nộp'), 
	( 'CS041', '4/1/2020', 'đã nộp'), 
	( 'CS042', '23/1/2020', 'đã nộp'), 
	( 'CS043', '23/1/2020', 'đã nộp'), 
	( 'CS044', '4/1/2020', 'đã nộp'), 
	( 'CS045', '4/2/2020', 'đã nộp'), 
	( 'CS046', '22/2/2020', 'đã nộp'), 
	( 'CS047', '4/2/2020', 'đã nộp'), 
	( 'CS048', '21/1/2020', 'đã nộp'), 
	( 'CS049', '4/1/2020', 'đã nộp'), 
	( 'CS050', '20/1/2020', 'đã nộp'), 
	( 'CS051', '4/1/2020', 'đã nộp'), 
	( 'CS052', '19/1/2020', 'đã nộp'), 
	( 'CS053', '4/1/2020', 'đã nộp'), 
	( 'CS054', '4/2/2020', 'đã nộp'), 
	( 'CS055', '18/2/2020', 'đã nộp'), 
	( 'CS056', '4/2/2020', 'đã nộp'), 
	( 'CS057', '4/2/2020', 'đã nộp'), 
	( 'CS058', '4/1/2020', 'đã nộp'), 
	( 'CS059', '17/1/2020', 'đã nộp'), 
	( 'CS060', '16/1/2020', 'đã nộp'), 
	( 'CS061', '4/1/2020', 'đã nộp'), 
	( 'CS062', '4/1/2020', 'đã nộp'), 
	( 'CS063', '15/2/2020', 'đã nộp'), 
	( 'CS064', '4/2/2020', 'đã nộp'), 
	( 'CS065', '4/2/2020', 'đã nộp'), 
	( 'CS066', '14/2/2020', 'đã nộp'), 
	( 'CS067', '4/2/2020', 'đã nộp'), 
	( 'CS068', '4/1/2020', 'đã nộp'), 
	( 'CS069', '13/1/2020', 'đã nộp'), 
	( 'CS070', '4/1/2020', 'đã nộp'), 
	( 'CS071', '4/1/2020', 'đã nộp'), 
	( 'CS072', '12/1/2020', 'đã nộp'), 
	( 'CS073', '4/2/2020', 'đã nộp'), 
	( 'CS074', '4/2/2020', 'đã nộp'), 
	( 'CS075', '11/2/2020', 'đã nộp'), 
	( 'CS076', '4/2/2020', 'đã nộp'), 
	( 'CS077', '4/1/2020', 'đã nộp'), 
	( 'CS078', '4/1/2020', 'đã nộp'), 
	( 'CS079', '10/2/2020', 'đã nộp'), 
	( 'CS080', '4/2/2020', 'đã nộp'), 
	( 'CS081', '4/1/2020', 'đã nộp');
INSERT INTO public.exam(result, CS_id,type) VALUES 
	(9.0, 'CS001','giữa khóa'),  
	(8.5, 'CS002','giữa khóa'),  
	(7.25, 'CS003','giữa khóa'),  
	(6.75, 'CS004','giữa khóa'),  
	(7.0, 'CS005','giữa khóa'),  
	(8.5, 'CS006','giữa khóa'),  
	(9.5, 'CS007','giữa khóa'),  
	(8.0, 'CS008','giữa khóa'),  
	(5.5, 'CS009','giữa khóa'),  
	(6.5, 'CS010','giữa khóa'),  
    (7.5, 'CS011','giữa khóa'),  
	(8.5, 'CS012','giữa khóa'),  
	(9.0, 'CS013','giữa khóa'),  
	(7.75, 'CS014','giữa khóa'),  
	(6.75, 'CS015','giữa khóa'),  
	(7.75, 'CS016','giữa khóa'),  
	(8.5, 'CS017','giữa khóa'),  
	(8.75, 'CS018','giữa khóa'),  
	(7.0, 'CS019','giữa khóa'),  
	(7.0, 'CS020','giữa khóa'),  
	(7.0, 'CS021','giữa khóa'),  
	(7.0, 'CS022','giữa khóa'),  
	(6.5, 'CS023','giữa khóa'), 
	(6.5, 'CS024','giữa khóa'),  
	(6.5, 'CS025','giữa khóa'),  
	(7.5, 'CS026','giữa khóa'),  
    (7.75, 'CS027','giữa khóa'),  
	(8.0, 'CS028','giữa khóa'),  
	(8.25, 'CS029','giữa khóa'),  
	(8.75, 'CS030','giữa khóa'),  
	(7.25, 'CS031','giữa khóa'),  
	(6.25, 'CS032','giữa khóa'),  
	(7.0, 'CS033','giữa khóa'),  
	(8.5, 'CS034','giữa khóa'),  
	(9.0, 'CS035','giữa khóa'),  
	(9.25, 'CS036','giữa khóa'),  
	(7.75, 'CS037','giữa khóa'), 
	(8.0, 'CS038','giữa khóa'),  
	(7.75, 'CS039','giữa khóa'),  
	(5.75, 'CS040','giữa khóa'),  
	(7.0, 'CS041','giữa khóa'),  
	(6.0, 'CS042','giữa khóa'),  
    (9.5, 'CS043','giữa khóa'),  
	(5.0, 'CS044','giữa khóa'),  
	(4.75, 'CS045','giữa khóa'),  
	(5.0, 'CS046','giữa khóa'),  
	(4.25, 'CS047','giữa khóa'),  
	(4.0, 'CS048','giữa khóa'),  
	(5.25, 'CS049','giữa khóa'),  
	(5.5, 'CS050','giữa khóa'),  
	(5.75, 'CS051','giữa khóa'),  
	(6.0, 'CS052','giữa khóa'),  
	(7.0, 'CS053','giữa khóa'),  
	(7.25, 'CS054','giữa khóa'),  
	(4.75, 'CS055','giữa khóa'),  
	(4.75, 'CS056','giữa khóa'),  
	(3.0, 'CS057','giữa khóa'),  
	(3.5, 'CS058','giữa khóa'),  
    (3.75, 'CS059','giữa khóa'),  
	(4.0, 'CS060','giữa khóa'),  
	(4.25, 'CS061','giữa khóa'),  
	(7.0, 'CS062','giữa khóa'),  
	(8.0, 'CS063','giữa khóa'),  
	(3.75, 'CS064','giữa khóa'),  
	(6.0, 'CS065','giữa khóa'),  
	(5.25, 'CS066','giữa khóa'), 
	(5.75, 'CS067','giữa khóa'),  
	(6.0, 'CS068','giữa khóa'),  
	(7.0, 'CS069','giữa khóa'),  
	(7.5, 'CS070','giữa khóa'),  
	(7.75, 'CS071','giữa khóa'),  
	(7, 'CS072','giữa khóa'),  
	(7.25, 'CS073','giữa khóa'),  
	(7.75, 'CS074','giữa khóa'),  
    (8.0, 'CS075','giữa khóa'),  
	(8.5, 'CS076','giữa khóa'),  
	(8.75, 'CS077','giữa khóa'), 
	(9.0, 'CS078','giữa khóa'),  
	(9.25,'CS079','giữa khóa'),  
	(4.0, 'CS080','giữa khóa'),  
	( 5.0,'CS081','giữa khóa'),
	(7.25, 'CS001','cuối khóa'),  
	(8.25, 'CS002','cuối khóa'),  
	(9.25, 'CS003','cuối khóa'),  
	(7.0, 'CS004','cuối khóa'),  
	(7.75, 'CS005','cuối khóa'),  
	(7.0, 'CS006','cuối khóa'),  
	(6.0, 'CS007','cuối khóa'),  
	(6.25, 'CS008','cuối khóa'),  
	(6.75, 'CS009','cuối khóa'),  
	(7.0, 'CS010','cuối khóa'),  
    (7.25, 'CS011','cuối khóa'),  
	(7.0, 'CS012','cuối khóa'),  
	(7.75, 'CS013','cuối khóa'),  
	(7.5, 'CS014','cuối khóa'),  
	(7.75, 'CS015','cuối khóa'),  
	(8.0, 'CS016','cuối khóa'),  
	(8.25, 'CS017','cuối khóa'),  
	(8.5, 'CS018','cuối khóa'),  
	(8.25, 'CS019','cuối khóa'),  
	(8.0, 'CS020','cuối khóa'), 
	(7.75, 'CS021','cuối khóa'),  
	(7.5, 'CS022','cuối khóa'),  
	(7.25, 'CS023','cuối khóa'),  
	(7.0, 'CS024','cuối khóa'),  
	(6.75, 'CS025','cuối khóa'),  
	(6.5, 'CS026','cuối khóa'),  
    (6.75, 'CS027','cuối khóa'),  
	(7.0, 'CS028','cuối khóa'),  
	(7.25, 'CS029','cuối khóa'),  
	(7.5, 'CS030','cuối khóa'),  
	(7.75, 'CS031','cuối khóa'),  
	(8.0, 'CS032','cuối khóa'),  
	(8.25, 'CS033','cuối khóa'), 
	(8.5, 'CS034','cuối khóa'),  
	(8.75, 'CS035','cuối khóa'),  
	(9.0, 'CS036','cuối khóa'),  
	(8.5, 'CS037','cuối khóa'),  
	(8.0, 'CS038','cuối khóa'),  
	(7.75,'CS039','cuối khóa'),  
	(7.5, 'CS040','cuối khóa'),  
	(7.0, 'CS041','cuối khóa'),  
	(6.75, 'CS042','cuối khóa'),  
    (6.5, 'CS043','cuối khóa'),  
	(6.25, 'CS044','cuối khóa'),  
	(6.75, 'CS045','cuối khóa'),  
	(7.0, 'CS046','cuối khóa'),  
	(7.25, 'CS047','cuối khóa'),  
	(7.0, 'CS048','cuối khóa'),  
	(6.75, 'CS049','cuối khóa'),  
	(6.5, 'CS050','cuối khóa'),  
	(6.25, 'CS051','cuối khóa'),  
	(6.0, 'CS052','cuối khóa'),  
	(5.75, 'CS053','cuối khóa'),  
	(5.75, 'CS054','cuối khóa'),  
	(6.25, 'CS055','cuối khóa'),  
	(6.5, 'CS056','cuối khóa'),  
	(6.75, 'CS057','cuối khóa'),  
	(7.0, 'CS058','cuối khóa'),  
    (7.25, 'CS059','cuối khóa'),  
	(7.5, 'CS060','cuối khóa'),  
	(7.25, 'CS061','cuối khóa'),  
	(7.0, 'CS062','cuối khóa'),  
	(6.75, 'CS063','cuối khóa'),  
	(7.0, 'CS064','cuối khóa'), 
	(7.5, 'CS065','cuối khóa'),  
	(7.75, 'CS066','cuối khóa'),  
	(8.0, 'CS067','cuối khóa'),  
	(7.5, 'CS068','cuối khóa'),  
	(7.25, 'CS069','cuối khóa'),  
	(7.0, 'CS070','cuối khóa'),  
	(7.25, 'CS071','cuối khóa'),  
	(7.5, 'CS072','cuối khóa'),  
	(7.0, 'CS073','cuối khóa'),  
	(6.75, 'CS074','cuối khóa'),  
    (7.0, 'CS075','cuối khóa'),  
	(8.0, 'CS076','cuối khóa'),  
	(8.25, 'CS077','cuối khóa'),  
	(7.0, 'CS078','cuối khóa'),  
	(7.5, 'CS079','cuối khóa'),  
	(7.75, 'CS080','cuối khóa'),  
	(7.25, 'CS081','cuối khóa'); 